Training Stage,Acceptance Ratio
0,1
1,0.408148
2,0.154846
3,0.186629
4,0.0737356
5,0.0378995
6,0.0225659
7,0.0115849
8,0.00618782
9,0.00332939
10,0.00168174
11,0.000867512
12,0.000446554
13,0.000298075